<?xml version="1.0" encoding="utf-8" ?>
<Patch>

	<Operation Class="PatchOperationAdd">
		<success>Always</success>
		<xpath>Defs/ThingDef[defName = "PlantPincushionCactus"]/plant</xpath>
		<value>
			<harvestedThingDef>SRV_PricklyPear</harvestedThingDef>
			<harvestTag>Standard</harvestTag>
			<harvestYield>6</harvestYield>
			<harvestWork>700</harvestWork>
	  </value>
	</Operation>

	<Operation Class="PatchOperationSequence">
		<success>Always</success>
		<operations>
			<li Class="PatchOperationAdd">
				<xpath>/Defs/ThingDef[defName = "BurnedTree"]/plant</xpath>
				<value>
					<harvestMinGrowth>0.01</harvestMinGrowth>
				</value>
			</li>
			<li Class="PatchOperationReplace">
				<xpath>/Defs/ThingDef[defName = "BurnedTree"]/description</xpath>
				<value>
					<description>A burned tree which can be harvested for charcoal.</description>
				</value>
			</li>
			<li Class="PatchOperationReplace">
				<xpath>/Defs/ThingDef[defName = "BurnedTree"]/plant/harvestedThingDef</xpath>
				<value>
					<harvestedThingDef>SRV_Charcoal</harvestedThingDef>
				</value>
			</li>
			<li Class="PatchOperationReplace">
				<xpath>/Defs/ThingDef[defName = "BurnedTree"]/plant/harvestYield</xpath>
				<value>
					<harvestYield>10</harvestYield>
				</value>
			</li>
		</operations>
	</Operation>

	<Operation Class="PatchOperationSequence">
		<success>Always</success>
		<operations>
			<li Class="PatchOperationAdd">
				<xpath>/Defs/TraderKindDef[defName = "Caravan_Outlander_BulkGoods"]/stockGenerators</xpath>
				<value>
					<li Class="StockGenerator_SingleDef">
						<thingDef>SRV_Charcoal</thingDef>
						<countRange>
							<min>25</min>
							<max>100</max>
						</countRange>
					</li>
					<li Class="StockGenerator_Tag">
						<tradeTag>SRV_Meals</tradeTag>
						<thingDefCountRange>
							<min>1</min>
							<max>6</max>
						</thingDefCountRange>
						<countRange>
							<min>2</min>
							<max>15</max>
						</countRange>
					</li>
					<li Class="StockGenerator_Tag">
						<tradeTag>SRV_RawFood</tradeTag>
						<thingDefCountRange>
							<min>1</min>
							<max>4</max>
						</thingDefCountRange>
						<countRange>
							<min>10</min>
							<max>25</max>
						</countRange>
					</li>
				</value>
			</li>
			<li Class="PatchOperationAdd">
				<xpath>/Defs/TraderKindDef[defName = "Orbital_BulkGoods"]/stockGenerators</xpath>
				<value>
					<li Class="StockGenerator_SingleDef">
						<thingDef>SRV_Charcoal</thingDef>
						<countRange>
							<min>125</min>
							<max>500</max>
						</countRange>
					</li>
					<li Class="StockGenerator_Tag">
						<tradeTag>SRV_Meals</tradeTag>
						<thingDefCountRange>
							<min>1</min>
							<max>6</max>
						</thingDefCountRange>
						<countRange>
							<min>15</min>
							<max>50</max>
						</countRange>
					</li>
					<li Class="StockGenerator_Tag">
						<tradeTag>SRV_RawFood</tradeTag>
						<thingDefCountRange>
							<min>1</min>
							<max>4</max>
						</thingDefCountRange>
						<countRange>
							<min>50</min>
							<max>250</max>
						</countRange>
					</li>
				</value>
			</li>
		</operations>
	</Operation>

	<Operation Class="PatchOperationAdd">
		<xpath>Defs/ThingDef[defName="MeleeWeapon_Club"]/recipeMaker/recipeUsers</xpath>
		<value>
			<li>SRV_Forge</li>
		</value>
	</Operation>

	<Operation Class="PatchOperationConditional">
		<success>Always</success>
		<xpath>Defs/ThingDef[defName="MeleeWeapon_Knife"]/recipeMaker/recipeUsers</xpath>
		<match Class="PatchOperationAdd">
			<xpath>Defs/ThingDef[defName="MeleeWeapon_Knife"]/recipeMaker/recipeUsers</xpath>
			<value>
				<li>SRV_Forge</li>
			</value>
		</match>
		<nomatch Class="PatchOperationConditional">
			<xpath>Defs/ThingDef[defName="MeleeWeapon_Knife"]/recipeMaker</xpath>
			<match Class="PatchOperationAdd">
				<xpath>Defs/ThingDef[defName="MeleeWeapon_Knife"]/recipeMaker</xpath>
				<value>
					<recipeUsers>
						<li>ElectricSmithy</li>
						<li>FueledSmithy</li>
						<li>SRV_Forge</li>
					</recipeUsers>
				</value>
			</match>
			<nomatch Class="PatchOperationInsert">
				<xpath>Defs/ThingDef[defName="MeleeWeapon_Knife"]/label</xpath>
				<value>
					<recipeMaker>
						<recipeUsers>
							<li>ElectricSmithy</li>
							<li>FueledSmithy</li>
							<li>SRV_Forge</li>
						</recipeUsers>
					</recipeMaker>
				</value>
			</nomatch>
		</nomatch>
	</Operation>

	<Operation Class="PatchOperationConditional">
		<success>Always</success>
		<xpath>Defs/ThingDef[defName="MeleeWeapon_Mace"]/recipeMaker/recipeUsers</xpath>
		<match Class="PatchOperationAdd">
			<xpath>Defs/ThingDef[defName="MeleeWeapon_Mace"]/recipeMaker/recipeUsers</xpath>
			<value>
				<li>SRV_Forge</li>
			</value>
		</match>
		<nomatch Class="PatchOperationConditional">
			<xpath>Defs/ThingDef[defName="MeleeWeapon_Mace"]/recipeMaker</xpath>
			<match Class="PatchOperationAdd">
				<xpath>Defs/ThingDef[defName="MeleeWeapon_Mace"]/recipeMaker</xpath>
				<value>
					<recipeUsers>
						<li>ElectricSmithy</li>
						<li>FueledSmithy</li>
						<li>SRV_Forge</li>
					</recipeUsers>
				</value>
			</match>
			<nomatch Class="PatchOperationInsert">
				<xpath>Defs/ThingDef[defName="MeleeWeapon_Mace"]/label</xpath>
				<value>
					<recipeMaker>
						<recipeUsers>
							<li>ElectricSmithy</li>
							<li>FueledSmithy</li>
							<li>SRV_Forge</li>
						</recipeUsers>
					</recipeMaker>
				</value>
			</nomatch>
		</nomatch>
	</Operation>

	<Operation Class="PatchOperationConditional">
		<success>Always</success>
		<xpath>Defs/ThingDef[defName="MeleeWeapon_Gladius"]/recipeMaker/recipeUsers</xpath>
		<match Class="PatchOperationAdd">
			<xpath>Defs/ThingDef[defName="MeleeWeapon_Gladius"]/recipeMaker/recipeUsers</xpath>
			<value>
				<li>SRV_Forge</li>
			</value>
		</match>
		<nomatch Class="PatchOperationConditional">
			<xpath>Defs/ThingDef[defName="MeleeWeapon_Gladius"]/recipeMaker</xpath>
			<match Class="PatchOperationAdd">
				<xpath>Defs/ThingDef[defName="MeleeWeapon_Gladius"]/recipeMaker</xpath>
				<value>
					<recipeUsers>
						<li>ElectricSmithy</li>
						<li>FueledSmithy</li>
						<li>SRV_Forge</li>
					</recipeUsers>
				</value>
			</match>
			<nomatch Class="PatchOperationInsert">
				<xpath>Defs/ThingDef[defName="MeleeWeapon_Gladius"]/label</xpath>
				<value>
					<recipeMaker>
						<recipeUsers>
							<li>ElectricSmithy</li>
							<li>FueledSmithy</li>
							<li>SRV_Forge</li>
						</recipeUsers>
					</recipeMaker>
				</value>
			</nomatch>
		</nomatch>
	</Operation>

	<Operation Class="PatchOperationConditional">
		<success>Always</success>
		<xpath>Defs/ThingDef[defName="MeleeWeapon_Spear"]/recipeMaker/recipeUsers</xpath>
		<match Class="PatchOperationAdd">
			<xpath>Defs/ThingDef[defName="MeleeWeapon_Spear"]/recipeMaker/recipeUsers</xpath>
			<value>
				<li>SRV_Forge</li>
			</value>
		</match>
		<nomatch Class="PatchOperationConditional">
			<xpath>Defs/ThingDef[defName="MeleeWeapon_Spear"]/recipeMaker</xpath>
			<match Class="PatchOperationAdd">
				<xpath>Defs/ThingDef[defName="MeleeWeapon_Spear"]/recipeMaker</xpath>
				<value>
					<recipeUsers>
						<li>ElectricSmithy</li>
						<li>FueledSmithy</li>
						<li>SRV_Forge</li>
					</recipeUsers>
				</value>
			</match>
			<nomatch Class="PatchOperationInsert">
				<xpath>Defs/ThingDef[defName="MeleeWeapon_Spear"]/label</xpath>
				<value>
					<recipeMaker>
						<recipeUsers>
							<li>ElectricSmithy</li>
							<li>FueledSmithy</li>
							<li>SRV_Forge</li>
						</recipeUsers>
					</recipeMaker>
				</value>
			</nomatch>
		</nomatch>
	</Operation>

	<Operation Class="PatchOperationConditional">
		<success>Always</success>
		<xpath>Defs/ThingDef[defName="MeleeWeapon_Longsword"]/recipeMaker/recipeUsers</xpath>
		<match Class="PatchOperationAdd">
			<xpath>Defs/ThingDef[defName="MeleeWeapon_Longsword"]/recipeMaker/recipeUsers</xpath>
			<value>
				<li>SRV_Forge</li>
			</value>
		</match>
		<nomatch Class="PatchOperationConditional">
			<xpath>Defs/ThingDef[defName="MeleeWeapon_Longsword"]/recipeMaker</xpath>
			<match Class="PatchOperationAdd">
				<xpath>Defs/ThingDef[defName="MeleeWeapon_Longsword"]/recipeMaker</xpath>
				<value>
					<recipeUsers>
						<li>ElectricSmithy</li>
						<li>FueledSmithy</li>
						<li>SRV_Forge</li>
					</recipeUsers>
				</value>
			</match>
			<nomatch Class="PatchOperationInsert">
				<xpath>Defs/ThingDef[defName="MeleeWeapon_Longsword"]/label</xpath>
				<value>
					<recipeMaker>
						<recipeUsers>
							<li>ElectricSmithy</li>
							<li>FueledSmithy</li>
							<li>SRV_Forge</li>
						</recipeUsers>
					</recipeMaker>
				</value>
			</nomatch>
		</nomatch>
	</Operation>

</Patch>