<?xml version="1.0" encoding="utf-8" ?>
<Patch>
	<Operation Class="PatchOperationFindMod">
		<mods>
		  <li>VGP Vegetable Garden</li>
		</mods>
		<match Class="PatchOperationSequence">
			  <operations>
			   <li Class="PatchOperationAdd">
				<xpath>/Defs/ThingDef[defName = "SRV_ShelterHeater"]/comps/li[@Class = "CompProperties_Refuelable"]/fuelFilter/thingDefs</xpath>
				<value>
					<li>Bamboo</li>
				</value>
			</li>
			   <li Class="PatchOperationAdd">
				<xpath>/Defs/RecipeDef[defName="SRV_MakeVinegarJuice"]/fixedIngredientFilter</xpath>
				<value>
					<categories>
					<li>FruitFoodRaw</li>
					</categories>
				</value>
				</li>
			</operations>
		 </match>
	</Operation>
	
</Patch>