<?xml version="1.0" encoding="utf-8" ?>
<Patch>

	<!-- Patch us into the Universal Fermenter -->
	<Operation Class="PatchOperationAdd">
		<xpath>Defs/ThingDef[defName = "UniversalFermenter"]/comps/li[@Class="UniversalFermenter.CompProperties_UniversalFermenter"]/processes</xpath>
		  <value>
			<li>
				<thingDef>SRV_Cheese</thingDef>
				<ingredientFilter>
					<thingDefs>
						<li>SRV_CurdledMilk</li>
					</thingDefs>
				</ingredientFilter>
				<usesTemperature>true</usesTemperature>
				<temperatureSafe>-1.0~32.0</temperatureSafe>
				<temperatureIdeal>7.0~32.0</temperatureIdeal>
				<ruinedPerDegreePerHour>2.5</ruinedPerDegreePerHour> <!-- percent per degree per hour -->
				<speedBelowSafe>0.1</speedBelowSafe>
				<speedAboveSafe>1.0</speedAboveSafe>
				<processDays>6</processDays> <!-- in days, 60000 ticks is a day -->
				<maxCapacity>25</maxCapacity>
				<efficiency>1.0</efficiency>
				<sunFactor>1.0~1.0</sunFactor>
				<rainFactor>1.0~1.0</rainFactor>
				<snowFactor>1.0~1.0</snowFactor>
				<windFactor>1.0~1.0</windFactor>
				<graphicSuffix></graphicSuffix>
				<usesQuality>false</usesQuality>
				<qualityDays>(1, 2, 3, 4, 5, 6, 7)</qualityDays>
				
			</li>
			<li>
				<thingDef>SRV_Vinegar</thingDef>
				<ingredientFilter>
					<thingDefs>
						<li>SRV_VinegarJuice</li>
					</thingDefs>
				</ingredientFilter>
				<usesTemperature>true</usesTemperature>
				<temperatureSafe>-1.0~32.0</temperatureSafe>
				<temperatureIdeal>7.0~32.0</temperatureIdeal>
				<ruinedPerDegreePerHour>2.5</ruinedPerDegreePerHour> <!-- percent per degree per hour -->
				<speedBelowSafe>0.1</speedBelowSafe>
				<speedAboveSafe>1.0</speedAboveSafe>
				<processDays>6</processDays> <!-- in days, 60000 ticks is a day -->
				<maxCapacity>25</maxCapacity>
				<efficiency>1.0</efficiency>
				<sunFactor>1.0~1.0</sunFactor>
				<rainFactor>1.0~1.0</rainFactor>
				<snowFactor>1.0~1.0</snowFactor>
				<windFactor>1.0~1.0</windFactor>
				<graphicSuffix></graphicSuffix>
				<usesQuality>false</usesQuality>
				<qualityDays>(1, 2, 3, 4, 5, 6, 7)</qualityDays>
				
			</li>
		  </value>
	</Operation>

</Patch>