﻿<?xml version="1.0" encoding="utf-8" ?>
<Defs>

	<ThoughtDef>
		<defName>SRV_WearingBurlapApparel</defName>
		<workerClass>SurvivalistsAdditions.ThoughtWorker_WearingBurlapApparel</workerClass>
		<validWhileDespawned>true</validWhileDespawned>
		<stages>
			<li>
				<label>wearing burlap {0}</label>
				<description>I am wearing burlap apparel. It's itchy and uncomfortable.</description>
				<baseMoodEffect>-2</baseMoodEffect>
			</li>
			<li>
				<label>wearing burlap {0} (+1)</label>
				<description>I am wearing two pieces of burlap apparel. They are itchy and uncomfortable.</description>
				<baseMoodEffect>-4</baseMoodEffect>
			</li>
			<li>
				<label>wearing burlap {0} (+2)</label>
				<description>I am wearing three pieces of burlap apparel. They are itchy and uncomfortable.</description>
				<baseMoodEffect>-5</baseMoodEffect>
			</li>
			<li>
				<label>wearing burlap {0}, etc.</label>
				<description>I am wearing more than three pieces of burlap apparel. They are itchy and uncomfortable.</description>
				<baseMoodEffect>-6</baseMoodEffect>
			</li>
		</stages>
		<nullifyingTraits>
			<li>Ascetic</li>
		</nullifyingTraits>
	</ThoughtDef>

	<ThoughtDef>
		<defName>SRV_AteSmokedMeat</defName>
		<workerClass>ThoughtWorker_Hediff</workerClass>
		<hediff>SRV_AteSmokedMeat</hediff>
		<stages>
			<li>
				<label>initial-hidden</label>
				<description>Should not appear.</description>
				<baseMoodEffect>0</baseMoodEffect>
				<visible>false</visible>
			</li>
			<li>
				<label>ate smoked meat</label>
				<description>I ate some flavorful smoked meat. It was delicious!</description>
				<baseMoodEffect>4</baseMoodEffect>
			</li>
		</stages>
	</ThoughtDef>

	<ThoughtDef>
		<defName>SRV_FoodMadeWithSmokedMeat</defName>
		<durationDays>1</durationDays>
		<stackLimit>1</stackLimit>
		<stages>
			<li>
				<label>meal included smoked meat</label>
				<description>I ate a meal made with smoked meat. Yum!</description>
				<baseMoodEffect>2</baseMoodEffect>
			</li>
		</stages>
	</ThoughtDef>
	
	<ThoughtDef>
		<defName>SRV_AteSmokedCheese</defName>
		<durationDays>1</durationDays>
		<stackLimit>1</stackLimit>
		<stages>
			<li>
				<label>ate smoked cheese</label>
				<description>I ate some flavorful smoked cheese.</description>
				<baseMoodEffect>3</baseMoodEffect>
			</li>
		</stages>
	</ThoughtDef>

	<ThoughtDef>
		<defName>SRV_FoodMadeWithSmokedCheese</defName>
		<durationDays>1</durationDays>
		<stackLimit>1</stackLimit>
		<stages>
			<li>
				<label>meal included smoked cheese</label>
				<description>I ate a meal made with tasty smoked cheese.</description>
				<baseMoodEffect>2</baseMoodEffect>
			</li>
		</stages>
	</ThoughtDef>

	<ThoughtDef>
		<defName>SRV_AteGrilledMeal</defName>
		<durationDays>1</durationDays>
		<stackLimit>1</stackLimit>
		<stages>
			<li>
				<label>ate grilled meal</label>
				<description>I ate a smoky grilled meal.</description>
				<baseMoodEffect>2</baseMoodEffect>
			</li>
		</stages>
	</ThoughtDef>

	<ThoughtDef>
		<defName>SRV_AteGrilledMealFine</defName>
		<durationDays>1</durationDays>
		<stackLimit>1</stackLimit>
		<stages>
			<li>
				<label>ate grilled meal</label>
				<description>I ate a wonderful grilled meal. Yum!</description>
				<baseMoodEffect>4</baseMoodEffect>
			</li>
		</stages>
	</ThoughtDef>

	<ThoughtDef>
		<defName>SRV_AteRawTurnip</defName>
		<durationDays>1</durationDays>
		<stackLimit>1</stackLimit>
		<stages>
			<li>
				<label>ate raw turnip</label>
				<description>I had to eat raw turnips. They weren't too bad, but I'd prefer them cooked.</description>
				<baseMoodEffect>-2</baseMoodEffect>
			</li>
		</stages>
	</ThoughtDef>

	<ThoughtDef>
		<defName>SRV_AtePickledVeggies</defName>
		<durationDays>1</durationDays>
		<stackLimit>1</stackLimit>
		<stages>
			<li>
				<label>ate pickled vegetables</label>
				<description>Those pickled vegetables added a spark of flavor that's very hard to come by.</description>
				<baseMoodEffect>3</baseMoodEffect>
			</li>
		</stages>
	</ThoughtDef>

	<ThoughtDef>
		<defName>SRV_FoodMadeWithPickledIngredient</defName>
		<durationDays>1</durationDays>
		<stackLimit>1</stackLimit>
		<stages>
			<li>
				<label>meal included pickled vegetables</label>
				<description>I ate a meal made with pickled vegetables. It helped break up the blandness.</description>
				<baseMoodEffect>2</baseMoodEffect>
			</li>
		</stages>
	</ThoughtDef>

</Defs>