﻿<?xml version="1.0" encoding="utf-8" ?>
<Defs>

	<ThingDef ParentName="FurnitureBase">
		<defName>SRV_TableSimple</defName>
		<label>simple table</label>
		<description>A small table made from bough wood. Just big enough for one person to eat at.</description>
		<graphicData>
			<texPath>Cupro/Object/Furniture/SimpleTable/SimpleTable</texPath>
			<graphicClass>Graphic_Multi</graphicClass>
			<drawSize>(1,1)</drawSize>
		</graphicData>
		<statBases>
			<MaxHitPoints>100</MaxHitPoints>
			<WorkToBuild>500</WorkToBuild>
			<Mass>4</Mass>
			<Flammability>1.0</Flammability>
			<Beauty>3</Beauty>
		</statBases>
		<altitudeLayer>Building</altitudeLayer>
		<passability>PassThroughOnly</passability>
		<canOverlapZones>false</canOverlapZones>
		<castEdgeShadows>true</castEdgeShadows>
		<pathCost>60</pathCost>
		<fillPercent>0.4</fillPercent>
		<socialPropernessMatters>false</socialPropernessMatters>
		<leaveResourcesWhenKilled>true</leaveResourcesWhenKilled>
		<staticSunShadowHeight>0.20</staticSunShadowHeight>
		<surfaceType>Eat</surfaceType>
		<constructEffect>ConstructDirt</constructEffect>
		<costList>
			<WoodLog>10</WoodLog>
		</costList>
		<size>(1,1)</size>
		<rotatable>true</rotatable>
	</ThingDef>

	<ThingDef ParentName="FurnitureBase"> 
		<defName>SRV_StumpChair</defName>
		<label>stump chair</label>
		<description>A stump that has been flattened to sit on.</description>
		<graphicData>
			<texPath>Cupro/Object/Furniture/StumpChair</texPath>
			<graphicClass>Graphic_Single</graphicClass>
			<shadowData>
				<volume>(0.3, 0.6, 0.3)</volume>
			</shadowData>
		</graphicData>
		<blockLight>false</blockLight>
		<altitudeLayer>Building</altitudeLayer>
		<statBases>
			<MaxHitPoints>300</MaxHitPoints>
			<WorkToBuild>250</WorkToBuild>
			<Mass>5</Mass>
			<Flammability>1.0</Flammability>
			<Beauty>1</Beauty>
			<Comfort>0.35</Comfort>
		</statBases>
		<costList>
			<WoodLog>5</WoodLog>
		</costList>
		<socialPropernessMatters>false</socialPropernessMatters>
		<rotatable>false</rotatable>
		<pathCost>30</pathCost>
		<canOverlapZones>false</canOverlapZones>
		<fillPercent>0.30</fillPercent>
		<constructEffect>ConstructDirt</constructEffect>
		<building>
			<isSittable>true</isSittable>
		</building>
	</ThingDef>

</Defs>