﻿<?xml version="1.0" encoding="utf-8" ?>
<Defs>

	<RecipeDef Name="SRV_GrilledMealBase" Abstract="True">
		<jobString>Grilling.</jobString>
		<workSpeedStat>CookSpeed</workSpeedStat>
		<effectWorking>Cook</effectWorking>
		<soundWorking>Recipe_CookMeal</soundWorking>
		<allowMixingIngredients>true</allowMixingIngredients>
		<ingredientValueGetterClass>IngredientValueGetter_Nutrition</ingredientValueGetterClass>
		<workSkill>Cooking</workSkill>
	</RecipeDef>

	<RecipeDef Name="SRV_GrillMealBase_Meat" ParentName="SRV_GrilledMealBase" Abstract="True">
		<fixedIngredientFilter>
			<categories>
				<li>MeatRaw</li>
			</categories>
		</fixedIngredientFilter>
		<defaultIngredientFilter>
			<categories>
				<li>MeatRaw</li>
			</categories>
			<disallowedThingDefs>
				<li>Meat_Human</li>
			</disallowedThingDefs>
		</defaultIngredientFilter>
	</RecipeDef>

	<RecipeDef Name="SRV_GrillMealBase_Veg" ParentName="SRV_GrilledMealBase" Abstract="True">
		<fixedIngredientFilter>
			<categories>
				<li>PlantFoodRaw</li>
			</categories>
			<specialFiltersToDisallow>
				<li>AllowPlantFood</li>
			</specialFiltersToDisallow>
		</fixedIngredientFilter>
		<defaultIngredientFilter>
			<categories>
				<li>PlantFoodRaw</li>
			</categories>
			<disallowedCategories>
				<li>EggsUnfertilized</li>
				<li>EggsFertilized</li>
			</disallowedCategories>
			<disallowedThingDefs>
				<li>Hay</li>
				<li>SRV_JuteFibers</li>
			</disallowedThingDefs>
		</defaultIngredientFilter>
	</RecipeDef>


	<!--<RecipeDef ParentName="Pemmican">
		<defName>SRV_MakePemmicanGrill</defName>
		<workAmount>1000</workAmount>
	</RecipeDef>-->
	
	<RecipeDef ParentName="SRV_GrillMealBase_Meat">
		<defName>SRV_GrillMealMeat</defName>
		<label>grill meat (1)</label>
		<description>Prepares a grilled meal consisting of meat. Takes a while, but adds a good flavor.</description>
		<workAmount>600</workAmount>
		<ingredients>
			<li>
				<filter>
					<categories>
						<li>MeatRaw</li>
						<li>AnimalProductRaw</li>
					</categories>
				</filter>
				<count>0.5</count>
			</li>
		</ingredients>
		<products>
			<SRV_MealGrilledMeat>1</SRV_MealGrilledMeat>
		</products>
	</RecipeDef>

	<RecipeDef ParentName="SRV_GrillMealBase_Meat">
		<defName>SRV_GrillMealMeatDouble</defName>
		<label>grill meat (2)</label>
		<description>Prepares two grilled meals consisting of meat. Takes a while, but adds a good flavor.</description>
		<workAmount>900</workAmount>
		<targetCountAdjustment>2</targetCountAdjustment>
		<ingredients>
			<li>
				<filter>
					<categories>
						<li>MeatRaw</li>
						<li>AnimalProductRaw</li>
					</categories>
				</filter>
				<count>1</count>
			</li>
		</ingredients>
		<products>
			<SRV_MealGrilledMeat>2</SRV_MealGrilledMeat>
		</products>
	</RecipeDef>

	<RecipeDef ParentName="SRV_GrillMealBase_Veg">
		<defName>SRV_GrillMealVeg</defName>
		<label>grill vegetarian (1)</label>
		<description>Prepares a grilled meal consisting of vegetables. Takes a while, but adds a good flavor.</description>
		<workAmount>600</workAmount>
		<ingredients>
			<li>
				<filter>
					<categories>
						<li>PlantFoodRaw</li>
					</categories>
				</filter>
				<count>0.5</count>
			</li>
		</ingredients>
		<products>
			<SRV_MealGrilledVeg>1</SRV_MealGrilledVeg>
		</products>
	</RecipeDef>

	<RecipeDef ParentName="SRV_GrillMealBase_Veg">
		<defName>SRV_GrillMealVegDouble</defName>
		<label>grill vegetarian (2)</label>
		<description>Prepares two grilled meals consisting of vegetables. Takes a while, but adds a good flavor.</description>
		<workAmount>900</workAmount>
		<targetCountAdjustment>2</targetCountAdjustment>
		<ingredients>
			<li>
				<filter>
					<categories>
						<li>PlantFoodRaw</li>
					</categories>
				</filter>
				<count>1</count>
			</li>
		</ingredients>
		<products>
			<SRV_MealGrilledVeg>2</SRV_MealGrilledVeg>
		</products>
	</RecipeDef>

	<RecipeDef ParentName="SRV_GrilledMealBase">
		<defName>SRV_GrillMealFine</defName>
		<label>grill fine meal</label>
		<description>Prepares a fine grilled meal. Takes a while, but adds a good flavor.</description>
		<workAmount>900</workAmount>
		<ingredients>
			<li>
				<filter>
					<categories>
						<li>MeatRaw</li>
						<li>AnimalProductRaw</li>
					</categories>
				</filter>
				<count>0.25</count>
			</li>
			<li>
				<filter>
					<categories>
						<li>PlantFoodRaw</li>
					</categories>
				</filter>
				<count>0.25</count>
			</li>
		</ingredients>
		<products>
			<SRV_MealGrilledFine>1</SRV_MealGrilledFine>
		</products>
		<fixedIngredientFilter>
			<categories>
				<li>FoodRaw</li>
			</categories>
			<specialFiltersToDisallow>
				<li>AllowPlantFood</li>
			</specialFiltersToDisallow>
		</fixedIngredientFilter>
		<defaultIngredientFilter>
			<categories>
				<li>FoodRaw</li>
			</categories>
			<disallowedCategories>
				<li>EggsUnfertilized</li>
				<li>EggsFertilized</li>
			</disallowedCategories>
			<disallowedThingDefs>
				<li>Meat_Human</li>
				<li>Hay</li>
				<li>SRV_JuteFibers</li>
			</disallowedThingDefs>
		</defaultIngredientFilter>
		<skillRequirements>
			<Cooking>5</Cooking>
		</skillRequirements>
	</RecipeDef>


	<RecipeDef Name="SaladBase" Abstract="True">
		<jobString>Chopping.</jobString>
		<workSpeedStat>CookSpeed</workSpeedStat>
		<effectWorking>Cook</effectWorking>
		<soundWorking>Recipe_Tailor</soundWorking>
		<allowMixingIngredients>true</allowMixingIngredients>
		<recipeUsers>
			<li>SRV_TableCamp</li>
			<li>FueledStove</li>
			<li>ElectricStove</li>
		</recipeUsers>
		<workSkill>Cooking</workSkill>
	</RecipeDef>

	<RecipeDef ParentName="SaladBase">
		<defName>SRV_PrepSalad</defName>
		<label>prepare turnip salad</label>
		<description>Prepare a salad using turnip greens and vegetables.</description>
		<ingredients>
			<li>
				<filter>
					<thingDefs>
						<li>SRV_Turnip_Green</li>
					</thingDefs>
				</filter>
				<count>5</count>
			</li>
			<li>
				<filter>
					<categories>
						<li>PlantFoodRaw</li>
					</categories>
					<disallowedThingDefs>
						<li>SRV_Turnip_Green</li>
					</disallowedThingDefs>
				</filter>
				<count>5</count>
			</li>
		</ingredients>
		<products>
			<SRV_MealTurnipSalad>1</SRV_MealTurnipSalad>
		</products>
		<fixedIngredientFilter>
			<categories>
				<li>PlantFoodRaw</li>
			</categories>
			<specialFiltersToDisallow>
				<li>AllowPlantFood</li>
			</specialFiltersToDisallow>
			<thingDefs>
				<li>SRV_Turnip_Green</li>
			</thingDefs>
		</fixedIngredientFilter>
		<defaultIngredientFilter>
			<categories>
				<li>PlantFoodRaw</li>
			</categories>
			<thingDefs>
				<li>SRV_Turnip_Green</li>
			</thingDefs>
			<disallowedCategories>
				<li>EggsUnfertilized</li>
				<li>EggsFertilized</li>
			</disallowedCategories>
			<disallowedThingDefs>
				<li>Hay</li>
				<li>SRV_JuteFibers</li>
			</disallowedThingDefs>
		</defaultIngredientFilter>
	</RecipeDef>

	<RecipeDef ParentName="SaladBase">
		<defName>SRV_PrepSaladCabbage</defName>
		<label>prepare cabbage salad</label>
		<description>Prepare a salad using shredded cabbage and vegetables.</description>
		<ingredients>
			<li>
				<filter>
					<thingDefs>
						<li>SRV_Cabbage</li>
					</thingDefs>
				</filter>
				<count>5</count>
			</li>
			<li>
				<filter>
					<categories>
						<li>PlantFoodRaw</li>
					</categories>
					<disallowedThingDefs>
						<li>SRV_Cabbage</li>
					</disallowedThingDefs>
				</filter>
				<count>5</count>
			</li>
		</ingredients>
		<products>
			<SRV_MealCabbageSalad>1</SRV_MealCabbageSalad>
		</products>
		<fixedIngredientFilter>
			<categories>
				<li>PlantFoodRaw</li>
			</categories>
			<specialFiltersToDisallow>
				<li>AllowPlantFood</li>
			</specialFiltersToDisallow>
			<thingDefs>
				<li>SRV_Cabbage</li>
			</thingDefs>
		</fixedIngredientFilter>
		<defaultIngredientFilter>
			<categories>
				<li>PlantFoodRaw</li>
			</categories>
			<thingDefs>
				<li>SRV_Cabbage</li>
			</thingDefs>
			<disallowedCategories>
				<li>EggsUnfertilized</li>
				<li>EggsFertilized</li>
			</disallowedCategories>
			<disallowedThingDefs>
				<li>Hay</li>
				<li>SRV_JuteFibers</li>
			</disallowedThingDefs>
		</defaultIngredientFilter>
	</RecipeDef>

	<RecipeDef Name="SRV_RecipePickleBase" Abstract="True">
		<jobString>Pickling.</jobString>
		<workSpeedStat>CookSpeed</workSpeedStat>
		<effectWorking>Cook</effectWorking>
		<soundWorking>Recipe_Brewing</soundWorking>
		<ingredients>
			<li>
				<filter>
					<thingDefs>
						<li>SRV_Vinegar</li>
					</thingDefs>
				</filter>
				<count>1</count>
			</li>
		</ingredients>
		<recipeUsers>
			<li>SRV_TableCamp</li>
			<li>FueledStove</li>
			<li>ElectricStove</li>
		</recipeUsers>
		<workSkill>Cooking</workSkill>
	</RecipeDef>

	<RecipeDef ParentName="SRV_RecipePickleBase">
		<defName>SRV_PickleGeneric</defName>
		<label>pickle vegetables</label>
		<description>Preserve vegetables or fruit in vinegar. Can be eaten by itself, or used in meals.</description>
		<allowMixingIngredients>True</allowMixingIngredients>
		<ingredients>
			<li>
				<filter>
					<categories>
						<li>PlantFoodRaw</li>
					</categories>
				</filter>
				<count>5</count>
			</li>
		</ingredients>
		<products>
			<SRV_PickledGeneric>1</SRV_PickledGeneric>
		</products>
		<fixedIngredientFilter>
			<categories>
				<li>PlantFoodRaw</li>
			</categories>
			<specialFiltersToDisallow>
				<li>AllowPlantFood</li>
			</specialFiltersToDisallow>
		</fixedIngredientFilter>
		<defaultIngredientFilter>
			<categories>
				<li>PlantFoodRaw</li>
			</categories>
			<disallowedCategories>
				<li>EggsUnfertilized</li>
				<li>EggsFertilized</li>
			</disallowedCategories>
			<disallowedThingDefs>
				<li>Hay</li>
				<li>SRV_JuteFibers</li>
			</disallowedThingDefs>
		</defaultIngredientFilter>
	</RecipeDef>

	<RecipeDef ParentName="SRV_RecipePickleBase">
		<defName>SRV_PickleTurnip</defName>
		<label>pickle turnip</label>
		<description>Preserve turnips in vinegar. Can be eaten by itself, or used in meals.</description>
		<ingredients>
			<li>
				<filter>
					<thingDefs>
						<li>SRV_Turnip</li>
					</thingDefs>
				</filter>
				<count>5</count>
			</li>
		</ingredients>
		<products>
			<SRV_PickledTurnip>1</SRV_PickledTurnip>
		</products>
		<fixedIngredientFilter>
			<thingDefs>
				<li>SRV_Turnip</li>
			</thingDefs>
		</fixedIngredientFilter>
		<defaultIngredientFilter>
			<thingDefs>
				<li>SRV_Turnip</li>
			</thingDefs>
		</defaultIngredientFilter>
	</RecipeDef>

	<RecipeDef ParentName="SRV_RecipePickleBase">
		<defName>SRV_PickleCabbage</defName>
		<label>pickle cabbage</label>
		<description>Preserve cabbage in vinegar. Can be eaten by itself, or used in meals.</description>
		<ingredients>
			<li>
				<filter>
					<thingDefs>
						<li>SRV_Cabbage</li>
					</thingDefs>
				</filter>
				<count>5</count>
			</li>
		</ingredients>
		<products>
			<SRV_PickledCabbage>1</SRV_PickledCabbage>
		</products>
		<fixedIngredientFilter>
			<thingDefs>
				<li>SRV_Cabbage</li>
			</thingDefs>
		</fixedIngredientFilter>
		<defaultIngredientFilter>
			<thingDefs>
				<li>SRV_Cabbage</li>
			</thingDefs>
		</defaultIngredientFilter>
	</RecipeDef> 

</Defs>
