﻿<?xml version="1.0" encoding="utf-8" ?>
<Defs>

	<!--=============================== Tier 1: pre-electricity ===================================-->

	<ResearchProjectDef>
		<defName>SRV_Snare</defName>
		<label>snares</label>
		<description>Allows colonists to build snares for passive hunting.</description>
		<tab>cP</tab>
		<baseCost>400</baseCost>
		<techLevel>Neolithic</techLevel>
		<tags>
			<li>TribalStart</li>
		</tags>
		<researchViewX>0</researchViewX>
		<researchViewY>2</researchViewY>
	</ResearchProjectDef>

	<ResearchProjectDef>
		<defName>SRV_Forge</defName>
		<label>forge</label>
		<description>Allows colonists to build a forge for turning raw metal ingredients into weapons.</description>
		<tab>cP</tab>
		<baseCost>700</baseCost>
		<techLevel>Neolithic</techLevel>
		<tags>
			<li>ClassicStart</li>
		</tags>
		<researchViewX>1</researchViewX>
		<researchViewY>2</researchViewY>
	</ResearchProjectDef>
	
	<ResearchProjectDef>
		<defName>SRV_Crucible</defName>
		<label>forge: crucible upgrade</label>
		<description>Allows colonists to smelt metals at the forge.</description>
		<tab>cP</tab>
		<baseCost>1000</baseCost>
		<techLevel>Medieval</techLevel>
		<prerequisites>
			<li>SRV_Forge</li>
		</prerequisites>
		<researchViewX>2</researchViewX>
		<researchViewY>2</researchViewY>
	</ResearchProjectDef>

</Defs>