<?xml version="1.0" encoding="utf-8" ?>
<Defs>

	<ThingDef ParentName="PlantBase">
		<defName>SRV_PlantTurnip</defName>
		<label>turnip plant</label>
		<thingClass>SurvivalistsAdditions.HardyPlant</thingClass>
		<description>A hardy root vegetable with edible leaves. Requires good soil, but is able to grow in lower temperatures than normal plants.</description>
		<statBases>
			<MaxHitPoints>85</MaxHitPoints>
			<Nutrition>0.18</Nutrition>
		</statBases>
		<graphicData>
			<texPath>Cupro/Object/Plant/PlantTurnip</texPath>
			<graphicClass>Graphic_Single</graphicClass>
		</graphicData>
		<altitudeLayer>Item</altitudeLayer>
		<selectable>true</selectable>
			
		<ingestible />
		<modExtensions>
			<li Class="SurvivalistsAdditions.HardyPlantStats">
				<minLeaflessTemperature>-18</minLeaflessTemperature>
				<maxLeaflessTemperature>-12</maxLeaflessTemperature>
				<minGrowthTemperature>-10</minGrowthTemperature>
				<minOptimalGrowthTemperature>0</minOptimalGrowthTemperature>
				<maxOptimalGrowthTemperature>35</maxOptimalGrowthTemperature>
				<maxGrowthTemperature>45</maxGrowthTemperature>
			</li>
		</modExtensions>
		<plant>
			<dieIfLeafless>false</dieIfLeafless>
			<harvestTag>Standard</harvestTag>
			<harvestedThingDef>SRV_TurnipItemSpawner</harvestedThingDef>
			<harvestYield>2</harvestYield>
			<sowTags>
				<li>Ground</li>
			</sowTags>
			<topWindExposure>0.2</topWindExposure>
			<growDays>6</growDays>
			<fertilityMin>1.0</fertilityMin>
			<fertilitySensitivity>1.0</fertilitySensitivity>
			<wildBiomes>
				<TropicalRainforest>0.001</TropicalRainforest>
				<TemperateForest>0.003</TemperateForest>
				<BorealForest>0.01</BorealForest>
				<Tundra>0.02</Tundra>
			</wildBiomes>
			
			<wildClusterRadius>7</wildClusterRadius>
			<wildClusterWeight>80</wildClusterWeight>
			<wildOrder>1</wildOrder>
		</plant>
	</ThingDef>

	<ThingDef ParentName="PlantBase">
		<defName>SRV_PlantCabbage</defName>
		<label>cabbage plant</label>
		<thingClass>SurvivalistsAdditions.HardyPlant</thingClass>
		<description>A hardy plant with a large leafy bulb. Requires good soil, but is able to grow in lower temperatures than normal plants.</description>
		<statBases>
			<MaxHitPoints>85</MaxHitPoints>
			<Nutrition>0.18</Nutrition>
		</statBases>
		<graphicData>
			<texPath>Cupro/Object/Plant/PlantCabbage</texPath>
			<graphicClass>Graphic_Single</graphicClass>
		</graphicData>
		<altitudeLayer>Item</altitudeLayer>
		<selectable>true</selectable>
		<ingestible />
		<modExtensions>
			<li Class="SurvivalistsAdditions.HardyPlantStats">
				<minLeaflessTemperature>-13</minLeaflessTemperature>
				<maxLeaflessTemperature>-9</maxLeaflessTemperature>
				<minGrowthTemperature>-8</minGrowthTemperature>
				<minOptimalGrowthTemperature>2</minOptimalGrowthTemperature>
				<maxOptimalGrowthTemperature>38</maxOptimalGrowthTemperature>
				<maxGrowthTemperature>50</maxGrowthTemperature>
			</li>
		</modExtensions>
		<plant>
			<dieIfLeafless>false</dieIfLeafless>
			<harvestTag>Standard</harvestTag>
			<harvestedThingDef>SRV_Cabbage</harvestedThingDef>
			<harvestYield>10</harvestYield>
			<sowTags>
				<li>Ground</li>
			</sowTags>
			<growDays>10</growDays>
			<lifespanDaysPerGrowDays>20</lifespanDaysPerGrowDays>
			<fertilityMin>1.0</fertilityMin>
			<fertilitySensitivity>1.0</fertilitySensitivity>
			<wildBiomes>
				<TropicalRainforest>0.005</TropicalRainforest>
				<TemperateForest>0.005</TemperateForest>
				<AridShrubland>0.0025</AridShrubland>
				<BorealForest>0.0075</BorealForest>
				<Tundra>0.0125</Tundra>
			</wildBiomes>
			
			<wildClusterRadius>6</wildClusterRadius>
			<wildClusterWeight>80</wildClusterWeight>
			<wildOrder>1</wildOrder>
		</plant>
	</ThingDef>

	<ThingDef Name="SRV_JuteBase" ParentName="PlantBase" Abstract="True">
		<label>jute</label>
		<description>A tall plant that grows in very wet areas. The stalks of the plant are used for making burlap cloth or animal feed.</description>
		<altitudeLayer>Building</altitudeLayer>
		<graphicData>
			<texPath>Cupro/Object/Plant/Jute</texPath>
			<graphicClass>Graphic_Random</graphicClass>
		</graphicData>
		<statBases>
			<MaxHitPoints>100</MaxHitPoints>
			<Beauty>1</Beauty>
			<Nutrition>0.25</Nutrition>
		</statBases>
		<ingestible />
		<selectable>true</selectable>
		<plant>
			<harvestTag>Standard</harvestTag>
			<harvestedThingDef>SRV_JuteFibers</harvestedThingDef>
			<harvestFailable>false</harvestFailable>
			<growDays>7</growDays>
			<lifespanDaysPerGrowDays>6</lifespanDaysPerGrowDays>
			<dieIfLeafless>true</dieIfLeafless>
			<fertilityMin>1.1</fertilityMin>
			<maxMeshCount>9</maxMeshCount>
		</plant>
	</ThingDef>

	<ThingDef ParentName="SRV_JuteBase">
		<defName>SRV_WildJute</defName>
		<statBases>
			<MaxHitPoints>120</MaxHitPoints>
			<Beauty>2</Beauty>
			<Nutrition>0.45</Nutrition>

		</statBases>
		<ingestible />
		<plant>
			<growDays>8</growDays>
			<harvestYield>18</harvestYield>
			<fertilitySensitivity>0.0</fertilitySensitivity>
		</plant>
	</ThingDef>

	<ThingDef ParentName="SRV_JuteBase">
		<defName>SRV_CultivatedJute</defName>
		<statBases>
			<Nutrition>0.3</Nutrition>
		</statBases>
		<ingestible />
		<plant>
			<harvestYield>12</harvestYield>
			<fertilitySensitivity>0.8</fertilitySensitivity>
			<sowTags>
				<li>Ground</li>
				<li>Hydroponic</li>
			  </sowTags>
			 <visualSizeRange>0.3~1.4</visualSizeRange>
		</plant>
	</ThingDef>

	<ThingDef ParentName="PlantBase">
		<defName>SRV_Mushroom</defName>
		<label>rimshroom</label>
		<description>A rare mushroom found in caves. Can be harvested for a source of protein.</description>
		<statBases>
			<MaxHitPoints>45</MaxHitPoints>
			<Beauty>-2</Beauty>
			<Nutrition>0.18</Nutrition>
		</statBases>
		<graphicData>
			<texPath>Cupro/Object/Plant/Mushroom</texPath>
			<graphicClass>Graphic_Random</graphicClass>
		</graphicData>
		<hideAtSnowDepth>0.5</hideAtSnowDepth>
		<ingestible />
		<selectable>true</selectable>
		<plant>
			<harvestTag>Standard</harvestTag>
			<harvestedThingDef>SRV_MushroomBundle</harvestedThingDef>
			<harvestYield>8</harvestYield>
			<harvestFailable>false</harvestFailable>
			<lifespanDaysPerGrowDays>6</lifespanDaysPerGrowDays>
			<dieIfLeafless>false</dieIfLeafless>
			<fertilitySensitivity>0.0</fertilitySensitivity>
			<growDays>2.5</growDays>
			<growMinGlow>-0.01</growMinGlow>
			<growOptimalGlow>0</growOptimalGlow>
			<fertilityMin>0</fertilityMin>
			<maxMeshCount>9</maxMeshCount>
			 <visualSizeRange>0.4~0.65</visualSizeRange>
		</plant>
	</ThingDef>

	<ThingDef ParentName="PlantBase">
		<defName>SRV_Hayreed</defName>
		<label>hayreed</label>
		<description>A wild plant that grows alongside rivers and ponds. The plant makes a great source of hay.</description>
		<altitudeLayer>Building</altitudeLayer>
		<graphicData>
			<texPath>Cupro/Object/Plant/Hayreed</texPath>
			<graphicClass>Graphic_Random</graphicClass>
		</graphicData>
		<statBases>
			<MaxHitPoints>100</MaxHitPoints>
			<Beauty>1</Beauty>
			<Nutrition>0.25</Nutrition>
		</statBases>
		<ingestible />
		<selectable>true</selectable>
		<plant>
			<harvestTag>Standard</harvestTag>
			<harvestedThingDef>Hay</harvestedThingDef>
			<harvestFailable>false</harvestFailable>
			<lifespanDaysPerGrowDays>6</lifespanDaysPerGrowDays>
			<dieIfLeafless>true</dieIfLeafless>
			<fertilityMin>1.1</fertilityMin>
			<maxMeshCount>16</maxMeshCount>
			<growDays>8</growDays>
			<harvestYield>30</harvestYield>
			<harvestAfterGrowth>0.30</harvestAfterGrowth>
			<fertilitySensitivity>0.0</fertilitySensitivity>
			<visualSizeRange>0.3~1.05</visualSizeRange>
		</plant>
	</ThingDef>

</Defs>